{
  "Template": {
    "TemplateName": "SharedStation",
    "SubjectPart": "SimpleSensor Station Shared With You!",
    "HtmlPart": "<h1>Hello {{name}},</h1><p>A friend of yours ({{friend}}) has shared their SimpleSensor station with you! If you haven't already, download and install the SimpleSensor app from Apple or Google app store using the links below. Once registered, the shared station will automatically appear!</p><p>-Your friends at SimpleSensor</p>",
    "TextPart": "Hello {{name}},\r\nA friend of yours ({{friend}}) has shared their SimpleSensor station with you! If you haven't already, download and install the SimpleSensor app from Apple or Google app store using the links below. Once registered, the shared station will automatically appear!\r\n-Your friends at SimpleSensor"
  }
}
